{"schemaVersion":"1.0","appDefinitionTemplate":{"id":"/providers/Microsoft.PowerApps/apps/","type":"Microsoft.PowerApps/apps","tags":{"primaryDeviceWidth":"640","primaryDeviceHeight":"1136","sienaVersion":"20210407T141838Z-3.21034.27.0","deviceCapabilities":"","supportsPortrait":"true","supportsLandscape":"false","primaryFormFactor":"Phone","publisherVersion":"3.21034.27","minimumRequiredApiVersion":"2.2.0","hasComponent":"true","hasUnlockedComponent":"true","isUnifiedRootApp":"false"},"properties":{"appVersion":"2021-04-07T14:18:38Z","lifeCycleId":"Published","createdByClientVersion":{"major":3,"minor":21034,"build":27,"revision":0,"majorRevision":0,"minorRevision":0},"minClientVersion":{"major":3,"minor":21034,"build":27,"revision":0,"majorRevision":0,"minorRevision":0},"backgroundColor":"rgba(0, 176, 240, 1)","backgroundImageUri":"/1630694318323353522/N577af45d-8ca5-4b1f-8371-d17820f04e94-logoSmallFile","displayName":"VanArsdelApp-NoConnectors","description":"","commitMessage":"","appUris":{"documentUri":{"value":"/1630694318323353522/N837d3211-c096-4aa5-a8b1-0bed1237c580-document.msapp"},"imageUris":[]},"createdTime":"0001-01-01T00:00:00Z","lastModifiedTime":"0001-01-01T00:00:00Z","sharedGroupsCount":0,"sharedUsersCount":0,"icons":{"smallIconUri":"/1630694318323353522/N184d0835-cde4-4e3a-b4f2-b9dd77737609-small.png","mediumIconUri":"/1630694318323353522/Nc7b82f70-5cf2-4085-82ff-db68c8fcd7aa-medium.png","largeIconUri":"/1630694318323353522/N87144621-5331-4be9-b371-c9a16dcccd23-large.png","wideIconUri":"/1630694318323353522/N755cb563-bc51-45d3-844c-ba8261d33a37-wide.png"},"connectionReferences":{},"databaseReferences":{},"almMode":"Environment","performanceOptimizationEnabled":true,"canConsumeAppPass":true,"executionRestrictions":{"isTeamsOnly":false,"dataLossPreventionEvaluationResult":{"status":"Compliant","lastEvaluationDate":"2021-04-07T14:18:48.775195Z","violationDetails":[]}}},"isAppComponentLibrary":false,"appType":"ClassicCanvasApp","appComponents":[]}}